random_117.txt,19,8-2;4-5;4-9;1-8;4-0,
random_118.txt,22,6-2;0-4;4-4;7-8;7-3,
random_119.txt,27,9-2;1-6;2-3;3-8;3-1,
random_120.txt,9999,2-2;1-6;4-4;0-2;5-5,INF-UNREACHABLE
random_121.txt,18,6-9;5-6;4-0;5-7;9-1,
random_122.txt,39,9-4;7-2;9-6;2-9;5-4,
random_123.txt,17,4-1;4-4;9-6;3-5;1-1,
random_124.txt,9999,2-0;0-8;3-6;3-3;8-4,INF-UNREACHABLE
random_125.txt,19,5-4;1-0;2-8;6-9;7-4,
random_126.txt,25,9-3;2-4;1-1;4-7;5-1,
random_127.txt,40,2-3;0-1;3-4;0-2;3-0,
random_128.txt,18,7-3;2-4;7-7;3-5;6-2,
random_129.txt,18,5-6;7-8;3-9;7-3;6-1,
random_130.txt,20,9-4;2-6;4-0;7-9;3-6,
random_131.txt,19,1-1;2-7;2-8;9-4;2-2,
random_132.txt,9999,6-8;6-0;0-9;7-2;9-3,INF-UNREACHABLE
random_133.txt,33,9-8;9-0;5-3;7-9;8-1,
random_134.txt,18,8-9;8-5;1-6;3-9;4-9,
random_135.txt,23,9-4;2-5;2-7;5-6;3-8,
random_136.txt,35,9-6;4-0;1-3;0-2;1-7,
random_137.txt,27,9-2;9-5;9-9;7-7;0-9,
random_138.txt,14,9-5;2-2;7-3;2-9;6-9,
random_139.txt,9999,3-8;3-0;0-6;7-1;5-6,INF-UNREACHABLE
random_140.txt,19,1-0;2-5;5-0;4-4;7-1,
random_141.txt,9999,5-0;7-8;8-3;2-9;2-1,INF-UNREACHABLE
random_142.txt,19,6-1;9-4;9-7;1-6;2-8,
random_143.txt,20,1-3;7-3;3-5;6-9;5-1,
random_144.txt,21,1-9;5-0;0-7;2-3;5-5,
random_145.txt,37,9-0;9-2;0-3;9-1;8-5,
random_146.txt,22,0-2;0-5;0-6;3-6;6-5,
random_147.txt,37,4-1;8-9;7-7;7-0;7-8,
random_148.txt,9999,6-9;8-7;1-6;0-6;4-0,INF-UNREACHABLE
random_149.txt,19,6-7;5-3;4-8;2-0;9-3,
random_150.txt,25,3-1;0-8;7-6;1-8;1-1,
random_151.txt,38,7-3;7-0;3-9;0-4;4-2,
random_152.txt,20,5-0;4-0;5-2;0-2;8-4,
random_153.txt,9999,8-5;0-7;8-4;9-6;9-1,INF-UNREACHABLE
random_154.txt,15,1-9;5-0;8-7;6-4;3-0,
random_155.txt,27,9-6;1-2;3-2;8-3;6-5,
random_156.txt,15,8-2;2-1;4-8;2-4;4-3,
random_157.txt,16,5-5;6-5;3-1;8-8;9-1,
random_158.txt,20,3-0;8-7;0-8;9-1;7-4,
random_159.txt,27,4-1;4-6;1-4;6-9;1-6,
random_160.txt,26,9-1;5-3;9-2;3-6;9-8,
random_161.txt,30,7-1;0-8;9-5;7-5;3-9,
random_162.txt,36,9-8;5-0;3-0;8-6;6-2,
